
INSERT INTO pais(idPais,pais) VALUES
('001','Afganistán'),
('002','Albania'),
('003','Alemania'),
('004','Andorra'),
('005','Angola'),
('006','Antigua y Barbuda'),
('007','Arabia Saudita'),
('008','Argelia'),
('009','Argentina'),
('010','Armenia'),
('011','Australia'),
('012','Austria'),
('013','Azerbaiyán'),
('014','Bahamas'),
('015','Bahrein'),
('016','Bangladés'),
('017','Barbados'),
('018','Bélgica'),
('019','Belice'),
('020','Benín'),
('021','Bielorrusia'),
('022','Bolivia'),
('023','Bosnia y Herzegovina'),
('024','Botsuana'),
('025','Brasil'),
('026','Brunei'),
('027','Bulgaria'),
('028','Burkina Faso'),
('029','Burundi'),
('030','Bután'),
('031','Cabo Verde'),
('032','Camboya'),
('033','Camerún'),
('034','Canadá'),
('035','Catar'),
('036','Chad'),
('037','Chequia'),
('038','Chile'),
('039','China'),
('040','Chipre'),
('041','Colombia'),
('042','Comoras'),
('043','Corea del Norte'),
('044','Corea del Sur'),
('045','Costa de Marfil'),
('046','Costa Rica'),
('047','Croacia'),
('048','Cuba'),
('049','Dinamarca'),
('050','Dominica'),
('051','Ecuador'),
('052','Egipto'),
('053','El Salvador'),
('054','Emiratos Árabes Unidos'),
('055','Eritrea'),
('056','Eslovaquia'),
('057','Eslovenia'),
('058','España'),
('059','Estados Unidos'),
('060','Estonia'),
('061','Eswatini'),
('062','Etiopía'),
('063','Filipinas'),
('064','Finlandia'),
('065','Fiyi'),
('066','Francia'),
('067','Gabón'),
('068','Gambia'),
('069','Georgia'),
('070','Ghana'),
('071','Granada'),
('072','Grecia'),
('073','Guatemala'),
('074','Guinea'),
('075','Guinea-Bisáu'),
('076','Guinea Ecuatorial'),
('077','Guyana'),
('078','Haití'),
('079','Honduras'),
('080','Hungría'),
('081','India'),
('082','Indonesia'),
('083','Irak'),
('084','Irán'),
('085','Irlanda'),
('086','Islandia'),
('087','Islas Marshall'),
('088','Islas Salomón'),
('089','Israel'),
('090','Italia'),
('091','Jamaica'),
('092','Japón'),
('093','Jordania'),
('094','Kazajistán'),
('095','Kenia'),
('096','Kirguistán'),
('097','Kiribati'),
('098','Kosovo'),
('099','Kuwait'),
('100','Laos'),
('101','Lesoto'),
('102','Letonia'),
('103','Líbano'),
('104','Liberia'),
('105','Libia'),
('106','Liechtenstein'),
('107','Lituania'),
('108','Luxemburgo'),
('109','Macedonia del Norte'),
('110','Madagascar'),
('111','Malasia'),
('112','Malaui'),
('113','Maldivas'),
('114','Malí'),
('115','Malta'),
('116','Marruecos'),
('117','Mauricio'),
('118','Mauritania'),
('119','México'),
('120','Micronesia'),
('121','Moldavia'),
('122','Mónaco'),
('123','Mongolia'),
('124','Montenegro'),
('125','Mozambique'),
('126','Myanmar'),
('127','Namibia'),
('128','Nauru'),
('129','Nepal'),
('130','Nicaragua'),
('131','Níger'),
('132','Nigeria'),
('133','Noruega'),
('134','Nueva Zelanda'),
('135','Omán'),
('136','Países Bajos'),
('137','Pakistán'),
('138','Palaos'),
('139','Palestina'),
('140','Panamá'),
('141','Papúa Nueva Guinea'),
('142','Paraguay'),
('143','Perú'),
('144','Polonia'),
('145','Portugal'),
('146','Reino Unido'),
('147','República Centroafricana'),
('148','República del Congo'),
('149','República Democrática del Congo'),
('150','República Dominicana'),
('151','Ruanda'),
('152','Rumania'),
('153','Rusia'),
('154','Samoa'),
('155','San Cristóbal y Nieves'),
('156','San Marino'),
('157','San Vicente y las Granadinas'),
('158','Santa Lucía'),
('159','Santo Tomé y Príncipe'),
('160','Senegal'),
('161','Serbia'),
('162','Seychelles'),
('163','Sierra Leona'),
('164','Singapur'),
('165','Siria'),
('166','Somalia'),
('167','Somalilandia'),
('168','Sri Lanka'),
('169','Sudáfrica'),
('170','Sudán'),
('171','Sudán del Sur'),
('172','Suecia'),
('173','Suiza'),
('174','Surinam'),
('175','Tailandia'),
('176','Tanzania'),
('177','Tayikistán'),
('178','Timor Oriental'),
('179','Togo'),
('180','Tonga'),
('181','Trinidad y Tobago'),
('182','Túnez'),
('183','Turkmenistán'),
('184','Türkiye'),
('185','Tuvalu'),
('186','Ucrania'),
('187','Uganda'),
('188','Uruguay'),
('189','Uzbekistán'),
('190','Vanuatu'),
('191','Vaticano'),
('192','Venezuela'),
('193','Vietnam'),
('194','Yemen'),
('195','Yibuti'),
('196','Zambia'),
('197','Zimbabwe');

INSERT INTO estado(idEstado,estado,idPais) VALUES
('001','Kabul','001'),
('002','Tirana','002'),
('003','Berlín','003'),
('004','Andorra la Vieja','004'),
('005','Luanda','005'),
('006','Saint John','006'),
('007','Riad','007'),
('008','Argel','008'),
('009','Buenos Aires','009'),
('010','Ereván','010'),
('011','Canberra','011'),
('012','Viena','012'),
('013','Bakú','013'),
('014','Nasáu','014'),
('015','Manama','015'),
('016','Daca','016'),
('017','Bridgetown','017'),
('018','Bruselas','018'),
('019','Belmopán','019'),
('020','Porto Novo','020'),
('021','Minsk','021'),
('022','Sucre','022'),
('023','Sarajevo','023'),
('024','Gaborone','024'),
('025','Brasilia','025'),
('026','Bandar Seri Begawan','026'),
('027','Sofía','027'),
('028','Uagadugú','028'),
('029','Buyumbura','029'),
('030','Timbu','030'),
('031','Praia','031'),
('032','Nom Pen','032'),
('033','Yaundé','033'),
('034','Ottawa','034'),
('035','Doha','035'),
('036','Yamena','036'),
('037','Praga','037'),
('038','Santiago','038'),
('039','Pekín','039'),
('040','Nicosia','040'),
('041','Bogotá','041'),
('042','Moroni','042'),
('043','Pionyang','043'),
('044','Seúl','044'),
('045','Yamusukro','045'),
('046','San José','046'),
('047','Zagreb','047'),
('048','La Habana','048'),
('049','Copenhague','049'),
('050','Roseau','050'),
('051','Quito','051'),
('052','El Cairo','052'),
('053','San Salvador','053'),
('054','Abu Dabi','054'),
('055','Asmara','055'),
('056','Bratislava','056'),
('057','Liubliana','057'),
('058','Madrid','058'),
('059','Washington D.C.','059'),
('060','Tallin','060'),
('061','Mbabane','061'),
('062','Adís Abeba','062'),
('063','Manila','063'),
('064','Helsinki','064'),
('065','Suva','065'),
('066','París','066'),
('067','Libreville','067'),
('068','Banjul','068'),
('069','Tiflis','069'),
('070','Acra','070'),
('071','Saint George','071'),
('072','Atenas','072'),
('073','Ciudad de Guatemala','073'),
('074','Conakri','074'),
('075','Bissau','075'),
('076','Malabo','076'),
('077','Georgetown','077'),
('078','Puerto Príncipe','078'),
('079','Tegucigalpa','079'),
('080','Budapest','080'),
('081','Nueva Delhi','081'),
('082','Yakarta','082'),
('083','Bagdad','083'),
('084','Teherán','084'),
('085','Dublín','085'),
('086','Reikiavik','086'),
('087','Majuro','087'),
('088','Honiara','088'),
('089','Jerusalén','089'),
('090','Roma','090'),
('091','Kingston','091'),
('092','Tokio','092'),
('093','Amán','093'),
('094','Nur-Sultán','094'),
('095','Nairobi','095'),
('096','Biskek','096'),
('097','Tarawa','097'),
('098','Pristina','098'),
('099','Kuwait','099'),
('100','Vientián','100'),
('101','Maseru','101'),
('102','Riga','102'),
('103','Beirut','103'),
('104','Monrovia','104'),
('105','Trípoli','105'),
('106','Vaduz','106'),
('107','Vilna','107'),
('108','Luxemburgo','108'),
('109','Skopie','109'),
('110','Antananarivo','110'),
('111','Kuala Lumpur','111'),
('112','Lilongüe','112'),
('113','Malé','113'),
('114','Bamako','114'),
('115','La Valeta','115'),
('116','Rabat','116'),
('117','Port Louis','117'),
('118','Nuakchot','118'),
('119','Ciudad de México','119'),
('120','Palikir','120'),
('121','Chisináu','121'),
('122','Mónaco','122'),
('123','Ulán Bator','123'),
('124','Podgorica','124'),
('125','Maputo','125'),
('126','Naypyidaw','126'),
('127','Windhoek','127'),
('128','Yaren','128'),
('129','Kathmandu','129'),
('130','Managua','130'),
('131','Niamey','131'),
('132','Abuya','132'),
('133','Oslo','133'),
('134','Wellington','134'),
('135','Mascate','135'),
('136','Ámsterdam','136'),
('137','Islamabad','137'),
('138','Melekeok','138'),
('139','Ramala','139'),
('140','Panamá','140'),
('141','Port Moresby','141'),
('142','Asunción','142'),
('143','Lima','143'),
('144','Varsovia','144'),
('145','Lisboa','145'),
('146','Londres','146'),
('147','Bangui','147'),
('148','Brazzaville','148'),
('149','Kinshasa','149'),
('150','Santo Domingo','150'),
('151','Kigali','151'),
('152','Bucarest','152'),
('153','Moscú','153'),
('154','Apia','154'),
('155','Basseterre','155'),
('156','San Marino','156'),
('157','Kingstown','157'),
('158','Castries','158'),
('159','Santo Tomé','159'),
('160','Dakar','160'),
('161','Belgrado','161'),
('162','Victoria','162'),
('163','Freetown','163'),
('164','Singapur','164'),
('165','Damasco','165'),
('166','Mogadiscio','166'),
('167','Hargeisa','167'),
('168','Colombo','168'),
('169','Pretoria','169'),
('170','Jartum','170'),
('171','Yuba','171'),
('172','Estocolmo','172'),
('173','Berna','173'),
('174','Paramaribo','174'),
('175','Bangkok','175'),
('176','Dodoma','176'),
('177','Dusambé','177'),
('178','Dili','178'),
('179','Lomé','179'),
('180','Nuku','180'),
('181','Puerto España','181'),
('182','Túnez','182'),
('183','Asjabad','183'),
('184','Ankara','184'),
('185','Funafuti','185'),
('186','Kiev','186'),
('187','Kampala','187'),
('188','Montevideo','188'),
('189','Taskent','189'),
('190','Port Vila','190'),
('191','Ciudad del Vaticano','191'),
('192','Caracas','192'),
('193','Hanói','193'),
('194','Saná','194'),
('195','Yibuti','195'),
('196','Lusaka','196'),
('197','Harare','197');

INSERT INTO ciudad(idCiudad,ciudad,idEstado) VALUES
('001','Kabul','001'),
('002','Tirana','002'),
('003','Berlín','003'),
('004','Andorra la Vieja','004'),
('005','Luanda','005'),
('006','Saint John','006'),
('007','Riad','007'),
('008','Argel','008'),
('009','Buenos Aires','009'),
('010','Ereván','010'),
('011','Canberra','011'),
('012','Viena','012'),
('013','Bakú','013'),
('014','Nasáu','014'),
('015','Manama','015'),
('016','Daca','016'),
('017','Bridgetown','017'),
('018','Bruselas','018'),
('019','Belmopán','019'),
('020','Porto Novo','020'),
('021','Minsk','021'),
('022','Sucre','022'),
('023','Sarajevo','023'),
('024','Gaborone','024'),
('025','Brasilia','025'),
('026','Bandar Seri Begawan','026'),
('027','Sofía','027'),
('028','Uagadugú','028'),
('029','Buyumbura','029'),
('030','Timbu','030'),
('031','Praia','031'),
('032','Nom Pen','032'),
('033','Yaundé','033'),
('034','Ottawa','034'),
('035','Doha','035'),
('036','Yamena','036'),
('037','Praga','037'),
('038','Santiago','038'),
('039','Pekín','039'),
('040','Nicosia','040'),
('041','Bogotá','041'),
('042','Moroni','042'),
('043','Pionyang','043'),
('044','Seúl','044'),
('045','Yamusukro','045'),
('046','San José','046'),
('047','Zagreb','047'),
('048','La Habana','048'),
('049','Copenhague','049'),
('050','Roseau','050'),
('051','Quito','051'),
('052','El Cairo','052'),
('053','San Salvador','053'),
('054','Abu Dabi','054'),
('055','Asmara','055'),
('056','Bratislava','056'),
('057','Liubliana','057'),
('058','Madrid','058'),
('059','Washington D.C.','059'),
('060','Tallin','060'),
('061','Mbabane','061'),
('062','Adís Abeba','062'),
('063','Manila','063'),
('064','Helsinki','064'),
('065','Suva','065'),
('066','París','066'),
('067','Libreville','067'),
('068','Banjul','068'),
('069','Tiflis','069'),
('070','Acra','070'),
('071','Saint George','071'),
('072','Atenas','072'),
('073','Ciudad de Guatemala','073'),
('074','Conakri','074'),
('075','Bissau','075'),
('076','Malabo','076'),
('077','Georgetown','077'),
('078','Puerto Príncipe','078'),
('079','Tegucigalpa','079'),
('080','Budapest','080'),
('081','Nueva Delhi','081'),
('082','Yakarta','082'),
('083','Bagdad','083'),
('084','Teherán','084'),
('085','Dublín','085'),
('086','Reikiavik','086'),
('087','Majuro','087'),
('088','Honiara','088'),
('089','Jerusalén','089'),
('090','Roma','090'),
('091','Kingston','091'),
('092','Tokio','092'),
('093','Amán','093'),
('094','Nur-Sultán','094'),
('095','Nairobi','095'),
('096','Biskek','096'),
('097','Tarawa','097'),
('098','Pristina','098'),
('099','Kuwait','099'),
('100','Vientián','100'),
('101','Maseru','101'),
('102','Riga','102'),
('103','Beirut','103'),
('104','Monrovia','104'),
('105','Trípoli','105'),
('106','Vaduz','106'),
('107','Vilna','107'),
('108','Luxemburgo','108'),
('109','Skopie','109'),
('110','Antananarivo','110'),
('111','Kuala Lumpur','111'),
('112','Lilongüe','112'),
('113','Malé','113'),
('114','Bamako','114'),
('115','La Valeta','115'),
('116','Rabat','116'),
('117','Port Louis','117'),
('118','Nuakchot','118'),
('119','Ciudad de México','119'),
('120','Palikir','120'),
('121','Chisináu','121'),
('122','Mónaco','122'),
('123','Ulán Bator','123'),
('124','Podgorica','124'),
('125','Maputo','125'),
('126','Naypyidaw','126'),
('127','Windhoek','127'),
('128','Yaren','128'),
('129','Kathmandu','129'),
('130','Managua','130'),
('131','Niamey','131'),
('132','Abuya','132'),
('133','Oslo','133'),
('134','Wellington','134'),
('135','Mascate','135'),
('136','Ámsterdam','136'),
('137','Islamabad','137'),
('138','Melekeok','138'),
('139','Ramala','139'),
('140','Panamá','140'),
('141','Port Moresby','141'),
('142','Asunción','142'),
('143','Lima','143'),
('144','Varsovia','144'),
('145','Lisboa','145'),
('146','Londres','146'),
('147','Bangui','147'),
('148','Brazzaville','148'),
('149','Kinshasa','149'),
('150','Santo Domingo','150'),
('151','Kigali','151'),
('152','Bucarest','152'),
('153','Moscú','153'),
('154','Apia','154'),
('155','Basseterre','155'),
('156','San Marino','156'),
('157','Kingstown','157'),
('158','Castries','158'),
('159','Santo Tomé','159'),
('160','Dakar','160'),
('161','Belgrado','161'),
('162','Victoria','162'),
('163','Freetown','163'),
('164','Singapur','164'),
('165','Damasco','165'),
('166','Mogadiscio','166'),
('167','Hargeisa','167'),
('168','Colombo','168'),
('169','Pretoria','169'),
('170','Jartum','170'),
('171','Yuba','171'),
('172','Estocolmo','172'),
('173','Berna','173'),
('174','Paramaribo','174'),
('175','Bangkok','175'),
('176','Dodoma','176'),
('177','Dusambé','177'),
('178','Dili','178'),
('179','Lomé','179'),
('180','Nuku','180'),
('181','Puerto España','181'),
('182','Túnez','182'),
('183','Asjabad','183'),
('184','Ankara','184'),
('185','Funafuti','185'),
('186','Kiev','186'),
('187','Kampala','187'),
('188','Montevideo','188'),
('189','Taskent','189'),
('190','Port Vila','190'),
('191','Ciudad del Vaticano','191'),
('192','Caracas','192'),
('193','Hanói','193'),
('194','Saná','194'),
('195','Yibuti','195'),
('196','Lusaka','196'),
('197','Harare','197');


-- tabla aeropuerto 

INSERT INTO aeropuerto (idAeropuerto, codigoAeropuerto, nombre, pais, ciudad) VALUES (1, 'LAX', 'Los Angeles International Airport', 'Estados Unidos', 'Los Ángeles');
INSERT INTO aeropuerto (idAeropuerto, codigoAeropuerto, nombre, pais, ciudad) VALUES (2, 'YYZ', 'Toronto Pearson International Airport', 'Canadá', 'Toronto');
INSERT INTO aeropuerto (idAeropuerto, codigoAeropuerto, nombre, pais, ciudad) VALUES (3, 'MEX', 'Aeropuerto Internacional de la Ciudad de México', 'México', 'México DF');
INSERT INTO aeropuerto (idAeropuerto, codigoAeropuerto, nombre, pais, ciudad) VALUES (4, 'GRU', 'Aeroporto Internacional de São Paulo', 'Brasil', 'São Paulo');
INSERT INTO aeropuerto (idAeropuerto, codigoAeropuerto, nombre, pais, ciudad) VALUES (5, 'EZE', 'Aeropuerto Internacional Ministro Pistarini', 'Argentina', 'Buenos Aires');

-- tabla escala

INSERT INTO escala (idEscala, idAeropuerto) VALUES (1, 1);
INSERT INTO escala (idEscala, idAeropuerto) VALUES (2, 2);
INSERT INTO escala (idEscala, idAeropuerto) VALUES (3, 3);
INSERT INTO escala (idEscala, idAeropuerto) VALUES (4, 4);
INSERT INTO escala (idEscala, idAeropuerto) VALUES (5, 5);

-- visa

INSERT INTO visa (idVisa, numVisa, tipo, pais) VALUES (1, 'V123456', 'Turismo', 'Estados Unidos');
INSERT INTO visa (idVisa, numVisa, tipo, pais) VALUES (2, 'V654321', 'Trabajo', 'Canadá');
INSERT INTO visa (idVisa, numVisa, tipo, pais) VALUES (3, 'V789012', 'Estudiante', 'México');
INSERT INTO visa (idVisa, numVisa, tipo, pais) VALUES (4, 'V210987', 'Turismo', 'Brasil');
INSERT INTO visa (idVisa, numVisa, tipo, pais) VALUES (5, 'V345678', 'Trabajo', 'Argentina');

-- tabla cargo 

INSERT INTO cargo (idCargo, cargo) VALUES (1, 'Piloto');
INSERT INTO cargo (idCargo, cargo) VALUES (2, 'Copiloto');
INSERT INTO cargo (idCargo, cargo) VALUES (3, 'Sobrecargo');
INSERT INTO cargo (idCargo, cargo) VALUES (4, 'Mecánico');
INSERT INTO cargo (idCargo, cargo) VALUES (5, 'Agente de puerta');

-- tabla asiento

INSERT INTO asiento (idAsiento, columna, numero, tipo) VALUES (1, 1, '1A', 'Primera Clase');
INSERT INTO asiento (idAsiento, columna, numero, tipo) VALUES (2, 1, '1B', 'Primera Clase');
INSERT INTO asiento (idAsiento, columna, numero, tipo) VALUES (3, 2, '2A', 'Primera Clase');
INSERT INTO asiento (idAsiento, columna, numero, tipo) VALUES (4, 2, '2B', 'Primera Clase');
INSERT INTO asiento (idAsiento, columna, numero, tipo) VALUES (5, 3, '3A', 'Primera Clase');

-- tabla millas 

INSERT INTO millas (idMillas, millas) VALUES (1, 500);
INSERT INTO millas (idMillas, millas) VALUES (2, 1000);
INSERT INTO millas (idMillas, millas) VALUES (3, 1500);
INSERT INTO millas (idMillas, millas) VALUES (4, 2000);
INSERT INTO millas (idMillas, millas) VALUES (5, 2500);

-- tabla metodo pago

INSERT INTO metodoPago (idMetodoPago, metodo, idMillas) VALUES (1, 'Tarjeta de Crédito', 1);
INSERT INTO metodoPago (idMetodoPago, metodo, idMillas) VALUES (2, 'Tarjeta de Débito', 2);
INSERT INTO metodoPago (idMetodoPago, metodo, idMillas) VALUES (3, 'PayPal', 3);
INSERT INTO metodoPago (idMetodoPago, metodo, idMillas) VALUES (4, 'Efectivo', 4);
INSERT INTO metodoPago (idMetodoPago, metodo, idMillas) VALUES (5, 'Transferencia Bancaria', 5);

-- tabla pago

INSERT INTO pago (idPago, estadoPago, totalPago, idMetodoPago) VALUES (1, 'Completado', 150.00, 1);
INSERT INTO pago (idPago, estadoPago, totalPago, idMetodoPago) VALUES (2, 'Pendiente', 200.00, 2);
INSERT INTO pago (idPago, estadoPago, totalPago, idMetodoPago) VALUES (3, 'Completado', 250.00, 3);
INSERT INTO pago (idPago, estadoPago, totalPago, idMetodoPago) VALUES (4, 'Rechazado', 300.00, 4);
INSERT INTO pago (idPago, estadoPago, totalPago, idMetodoPago) VALUES (5, 'Completado', 350.00, 5);

-- tabla reservacion

INSERT INTO reservacion (idReservacion, estado, idPago) VALUES (1, 'Confirmada', 1);
INSERT INTO reservacion (idReservacion, estado, idPago) VALUES (2, 'Pendiente', 2);
INSERT INTO reservacion (idReservacion, estado, idPago) VALUES (3, 'Cancelada', 3);
INSERT INTO reservacion (idReservacion, estado, idPago) VALUES (4, 'Confirmada', 4);
INSERT INTO reservacion (idReservacion, estado, idPago) VALUES (5, 'Pendiente', 5);

-- tabla clase

INSERT INTO clase (idClase, clase) VALUES (1, 'Economy');
INSERT INTO clase (idClase, clase) VALUES (2, 'Business');
INSERT INTO clase (idClase, clase) VALUES (3, 'First');
INSERT INTO clase (idClase, clase) VALUES (4, 'Premium Economy');
INSERT INTO clase (idClase, clase) VALUES (5, 'Basic Economy');

-- tabla fecha 

INSERT INTO fecha (idFecha, fecha, hora) VALUES (1, '2024-06-05', '08:00:00');
INSERT INTO fecha (idFecha, fecha, hora) VALUES (2, '2024-06-06', '10:00:00');
INSERT INTO fecha (idFecha, fecha, hora) VALUES (3, '2024-06-07', '12:00:00');
INSERT INTO fecha (idFecha, fecha, hora) VALUES (4, '2024-06-08', '14:00:00');
INSERT INTO fecha (idFecha, fecha, hora) VALUES (5, '2024-06-09', '16:00:00');

-- tabla pasajero

INSERT INTO pasajero (idPasajero, nombre, apellido, dui, pasaporte, genero, celular, direccion, numPasajeroFrecuente) VALUES (1, 'Juan', 'Perez', 12345678, 'P1234567', 'M', 5551234567, '123 Main St', 1001);
INSERT INTO pasajero (idPasajero, nombre, apellido, dui, pasaporte, genero, celular, direccion, numPasajeroFrecuente) VALUES (2, 'Maria', 'Gomez', 87654321, 'P7654321', 'F', 5557654321, '456 Elm St', 1002);
INSERT INTO pasajero (idPasajero, nombre, apellido, dui, pasaporte, genero, celular, direccion, numPasajeroFrecuente) VALUES (3, 'Carlos', 'Lopez', 11223344, 'P1122334', 'M', 5551122334, '789 Pine St', 1003);
INSERT INTO pasajero (idPasajero, nombre, apellido, dui, pasaporte, genero, celular, direccion, numPasajeroFrecuente) VALUES (4, 'Ana', 'Martinez', 44332211, 'P4433221', 'F', 5554433221, '101 Oak St', 1004);
INSERT INTO pasajero (idPasajero, nombre, apellido, dui, pasaporte, genero, celular, direccion, numPasajeroFrecuente) VALUES (5, 'Luis', 'Hernandez', 55667788, 'P5566778', 'M', 5555566778, '202 Maple St', 1005);

-- tablas de roles

insert into roles (rol) values
	('SysAdmin'), -- 1
    (''), -- 2
    (''), -- 3
    (''); -- 4

-- tabla de opciones

insert into opciones (opcion) values
('Gestionar aeronave'), -- 1
('Gestionar aeropuerto'), -- 2
('Gestionar asiento'), -- 3
('Gestionar boleto'), -- 4
('Gestionar cargo'), -- 5
('Gestionar ciudad'), -- 6
('Gestionar clase'), -- 7
('Gestionar destino'), -- 8
('Gestionar direccion'), -- 9
('Gestionar empleado'), -- 10
('Gestionar equipaje'), -- 11
('Gestionar escala'), -- 12
('Gestionar estado'), -- 13
('Gestionar fecha'), -- 14
('Gestionar itinerario'), -- 15
('Gestionar metodoPago'), -- 16
('Gestionar millas'), -- 17
('Gestionar origen'), -- 18
('Gestionar pago'), -- 19
('Gestionar pais'), -- 20
('Gestionar pasajero'), -- 21
('Gestionar piloto'), -- 22
('Gestionar regreso'), -- 23
('Gestionar reservacion'), -- 24
('Gestionar salida'), -- 25
('Gestionar sobrecargo'), -- 26
('Gestionar tarifa'), -- 27
('Gestionar tipoEquipaje'), -- 28
('Gestionar visa'), -- 29
('Gestionar vuelo'),-- 30
('Gestionar asignacionRolesOpciones'); -- 31


-- SysAdmin: todos los permisos

insert into asignacionRolesOpciones (idRol, idOpcion) values

-- SysAdmin: Todos los permisos
('1', '1'), ('1', '2'), ('1', '3'), ('1', '4'),
('1', '5'), ('1', '6'), ('1', '7'), ('1', '8'),
('1', '9'), ('1', '10'), ('1', '11'),('1', '12'),
('1', '13'), ('1', '14'), ('1', '15'), ('1', '16'),
('1', '17'), ('1', '18'), ('1', '19'), ('1', '20'),
('1', '21'), ('1', '22'), ('1', '23'), ('1', '24'),
('1', '25'), ('1', '26'), ('1', '27'), ('1', '28'),
('1', '29'), ('1', '30'), ('1', '31');

-- tablas de roles

insert into roles (rol) values
    ('SysAdmin'), -- 1
    ('Administrador'), -- 2
    ('Operador de Vuelo'), -- 3
    ('Atención al Cliente'), -- 4
    ('Gerente de Ventas'), -- 5
    ('Recursos Humanos'), -- 6
    ('Piloto'), -- 7
    ('Sobrecargo'); -- 8

-- tabla de opciones

insert into opciones (opcion) values
('Gestionar aeronave'), -- 1
('Gestionar aeropuerto'), -- 2
('Gestionar asiento'), -- 3
('Gestionar boleto'), -- 4
('Gestionar cargo'), -- 5
('Gestionar ciudad'), -- 6
('Gestionar clase'), -- 7
('Gestionar destino'), -- 8
('Gestionar direccion'), -- 9
('Gestionar empleado'), -- 10
('Gestionar equipaje'), -- 11
('Gestionar escala'), -- 12
('Gestionar estado'), -- 13
('Gestionar fecha'), -- 14
('Gestionar itinerario'), -- 15
('Gestionar metodoPago'), -- 16
('Gestionar millas'), -- 17
('Gestionar origen'), -- 18
('Gestionar pago'), -- 19
('Gestionar pais'), -- 20
('Gestionar pasajero'), -- 21
('Gestionar piloto'), -- 22
('Gestionar regreso'), -- 23
('Gestionar reservacion'), -- 24
('Gestionar salida'), -- 25
('Gestionar sobrecargo'), -- 26
('Gestionar tarifa'), -- 27
('Gestionar tipoEquipaje'), -- 28
('Gestionar visa'), -- 29
('Gestionar vuelo'),-- 30
('Gestionar asignacionRolesOpciones'); -- 31

-- Asignación de permisos

-- SysAdmin: Todos los permisos
insert into asignacionRolesOpciones (idRol, idOpcion) values
('1', '1'), ('1', '2'), ('1', '3'), ('1', '4'),
('1', '5'), ('1', '6'), ('1', '7'), ('1', '8'),
('1', '9'), ('1', '10'), ('1', '11'),('1', '12'),
('1', '13'), ('1', '14'), ('1', '15'), ('1', '16'),
('1', '17'), ('1', '18'), ('1', '19'), ('1', '20'),
('1', '21'), ('1', '22'), ('1', '23'), ('1', '24'),
('1', '25'), ('1', '26'), ('1', '27'), ('1', '28'),
('1', '29'), ('1', '30'), ('1', '31');

-- Gerente
insert into asignacionRolesOpciones (idRol, idOpcion) values
('2', '1'), ('2', '2'), ('2', '4'), ('2', '5'),
('2', '10'), ('2', '24'), ('2', '31');

-- Operador de Vuelo
insert into asignacionRolesOpciones (idRol, idOpcion) values
('3', '1'), ('3', '15'), ('3', '22'), ('3', '30');

-- Atención al Cliente
insert into asignacionRolesOpciones (idRol, idOpcion) values
('4', '4'), ('4', '21'), ('4', '24');

-- Gerente de Ventas
insert into asignacionRolesOpciones (idRol, idOpcion) values
('5', '4'), ('5', '24'), ('5', '27');

-- Recursos Humanos
insert into asignacionRolesOpciones (idRol, idOpcion) values
('6', '5'), ('6', '10'), ('6', '22'), ('6', '26');

-- Piloto
insert into asignacionRolesOpciones (idRol, idOpcion) values
('7', '30'), ('7', '22');

-- Sobrecargo
insert into asignacionRolesOpciones (idRol, idOpcion) values
('8', '26');

SELECT r.rol AS Rol, o.opcion AS Opcion
FROM roles r
JOIN asignacionRolesOpciones aro ON r.idRol = aro.idRol
JOIN opciones o ON aro.idOpcion = o.idOpcion
ORDER BY r.rol, o.opcion;